Model,Train_Acc,Test_Acc,CV_Mean,CV_Std,Precision,Recall,F1-Score,ROC-AUC,Overfitting,Overall_Score
Logistic Regression,0.8463414634146341,0.8097560975609757,0.8400000000000001,0.02834310057821258,0.7619047619047619,0.9142857142857143,0.8311688311688312,0.9298095238095239,0.03658536585365846,0.8554337662337662
Random Forest,0.9329268292682927,0.9121951219512195,0.9063414634146343,0.00994930636798593,0.8918918918918919,0.9428571428571428,0.9166666666666666,0.9698095238095238,0.02073170731707319,0.925513337727972
SVM,0.9560975609756097,0.926829268292683,0.921951219512195,0.018766228352850085,0.9166666666666666,0.9428571428571428,0.9295774647887324,0.9771428571428571,0.029268292682926744,0.9376390701935188
