Model,Test_Accuracy,CV_Mean,CV_Std,Precision,Recall,F1-Score,ROC-AUC,Train_Accuracy,Overfitting
Random Forest Regularized,0.9121951219512195,0.9063414634146343,0.00994930636798593,0.8918918918918919,0.9428571428571428,0.9166666666666666,0.9698095238095238,0.9329268292682927,0.02073170731707319
