Model,Test_Accuracy,CV_Mean,CV_Std,Precision,Recall,F1-Score,ROC-AUC,Train_Accuracy,Overfitting,N_Support_Vectors
SVM,0.926829268292683,0.921951219512195,0.018766228352850085,0.9166666666666666,0.9428571428571428,0.9295774647887324,0.9771428571428571,0.9560975609756097,0.029268292682926744,333
